paper_id,preferred,reason
1904.07695v1,B,Summary B provides a clearer overview of the problem setting and better highlights the survey scope and contributions.
1904.07904v1,A,Summary A is more concise and focuses on the core methodology without unnecessary background details.
1904.07982v1,B,Summary B captures both the motivation and experimental findings more effectively than Summary A.
1904.08051v1,A,Summary A is better structured and presents the main idea in a more coherent and readable manner.
1904.08075v1,B,Summary B includes more technical details and better reflects the paper’s methodological contributions.
1904.08109v1,A,"Summary A offers a more balanced summary of the problem, approach, and results."
1904.12213v1,B,Summary B provides clearer explanations and better contextualizes the proposed approach.
1904.12550v1,A,Summary A is more focused on the key contributions and avoids excessive high-level descriptions.
1904.12848v6,B,Summary B more accurately reflects the paper’s experimental setup and main conclusions.
1905.00422v1,A,Summary A is clearer and more precise in describing the research problem and proposed solution.
